DL_No;LatGr;LatMin;Latsek;LatHemisph;LonGr;LonMin;Lonsek;LonHemisph;dec_lat;dec_lon;DNAconcinwtsmpl_ng_uL;elute_vol_uL;ddH2O_add_per_elute;tot_vol_elute;dec_lat_region;dec_lon_region;rg.wtsmplloc;sampling_date;Filt.vol;Area_wt_coll_loc;wtsmplloc2
DL2017062;55;27;23.58;N;12;12;14.38;E;55.45655;12.203994;27.8;125;375;500;55.45655;12.203994;Koege_havn;0;;Koege_havn;Koege_Havn
DL2017064;55;39;54.59;N;12;34;12.66;E;55.665164;12.570183;70;125;375;500;55.665164;12.570183;Koebenhavn_havn;0;;Koebenhavn_havn;Kalvebod_brygge_3
DL2017068;56;9;34.9;N;10;13;48.19;E;56.159694;10.230053;3.9;200;800;1000;56.159694;10.230053;Aarhus_havn;0;;Aarhus_havn;Aarhus_Havn_oestmolen
DL2017070;56;2;8.59;N;12;37;3.22;E;56.035719;12.617561;17.5;125;375;500;56.035719;12.617561;Helsingoer_havn;0;;Helsingoer_havn;Helsingoer_Havn
DL2017072;57;3;4.94;N;9;55;54.85;E;57.051372;9.931903;2.94;200;800;1000;57.051372;9.931903;Aalborg_havn;0;;Aalborg_havn;Aalborg_Beddingen
DL2017076;56;2;8.59;N;12;37;3.22;E;56.035719;12.617561;9.34;200;800;1000;56.035719;12.617561;Helsingoer_havn;0;;Helsingoer_havn;Helsingoer_Havn
DL2017078;55;39;54.59;N;12;34;12.66;E;55.665164;12.570183;4.96;200;800;1000;55.665164;12.570183;Koebenhavn_havn;0;;Koebenhavn_havn;Koebenhavns_havn_Indiakaj
DL2017080;55;39;54.59;N;12;34;12.66;E;55.665164;12.570183;14.5;200;800;1000;55.665164;12.570183;Koebenhavn_havn;0;;Koebenhavn_havn;Koebenhavn_Havn
DL2017082;57;35;51.13;N;9;58;37.92;E;57.597536;9.9772;1.4;200;800;1000;57.597536;9.9772;Hirtshals_havn;0;;Hirtshals_havn;Hirtshals_Havn
DL2017084;55;39;54.59;N;12;34;12.66;E;55.665164;12.570183;32.8;200;800;1000;55.665164;12.570183;Koebenhavn_havn;0;;Koebenhavn_havn;Koebenhavn_Nordhavn_skudehavn
DL2017086;56;9;34.9;N;10;13;48.19;E;56.159694;10.230053;10.2;200;800;1000;56.159694;10.230053;Aarhus_havn;0;;Aarhus_havn;Aarhus_Havn_bassin3
DL2017090;54;34;18.71;N;11;55;39.64;E;54.571864;11.927678;9.36;200;800;1000;54.571864;11.927678;Gedser_havn;0;;Gedser_havn;Gedser_Havn
DL2017091;56;2;8.59;N;12;37;3.22;E;56.035719;12.617561;1.54;200;800;1000;56.035719;12.617561;Helsingoer_havn;0;;Helsingoer_havn;Helsingoer_Havn
DL2017092;56;2;8.59;N;12;37;3.22;E;56.035719;12.617561;2.38;200;800;1000;56.035719;12.617561;Helsingoer_havn;0;;Helsingoer_havn;Helsingoer_Havn
DL2017093;57;26;31.5;N;10;33;44.02;E;57.442083;10.562228;3.08;200;800;1000;57.442083;10.562228;Frederikshavn_havn;0;;Frederikshavn_havn;Frederikshavn_Havn
DL2017095;55;27;23.58;N;12;12;14.38;E;55.45655;12.203994;11.8;200;800;1000;55.45655;12.203994;Koege_havn;0;;Koege_havn;Mosede_Fort_Koege_Bugt
DL2018001;55;18;48.456;N;10;47;16.2636;E;55.31346;10.787851;26.2;200;0;0;55.25778245;10.05453676;Fyn;04/05/2018;300;Nyborg;Nyborg_Vold
DL2018002;55;18;48.456;N;10;47;16.2636;E;55.31346;10.787851;0;0;0;0;55.25778245;10.05453676;Fyn;04/05/2018;300;Nyborg;Nyborg_Vold
DL2018003;55;18;48.456;N;10;47;16.2636;E;55.31346;10.787851;0;0;0;0;55.25778245;10.05453676;Fyn;04/05/2018;350;Nyborg;Nyborg_Vold
DL2018004;55;18;48.456;N;10;47;16.2636;E;55.31346;10.787851;0;0;0;0;55.25778245;10.05453676;Fyn;04/05/2018;350;Nyborg;Nyborg_Vold
DL2018005;54;46;28.4268;N;11;52;37.0344;E;54.774563;11.876954;878;0;0;0;54.774563;11.876954;Moen_Loll_Falst;15/05/2018;140;NykoebingF;Katedralskolens_Dam
DL2018006;54;46;28.4268;N;11;52;37.0344;E;54.774563;11.876954;0;0;0;0;54.774563;11.876954;Moen_Loll_Falst;15/05/2018;132;NykoebingF;Katedralskolens_Dam
DL2018007;55;19;13.0404;N;15;11;16.692;E;55.320289;15.18797;127;0;0;0;55.320289;15.18797;Bornholm;12/05/2018;400;Bornholm;Pumpen_Christians_oe
DL2018008;55;19;13.0404;N;15;11;16.692;E;55.320289;15.18797;0;0;0;0;55.320289;15.18797;Bornholm;12/05/2018;400;Bornholm;Pumpen_Christians_oe
DL2018009;55;44;49.77672;N;12;32;5.2728;E;55.7471602;12.534798;0;0;0;0;55.628791;12.0516207;Sjaelland;16/05/2018;150;Gentofte;Gentofte_Soe_Soe_i_Gentofte
Dl2018010;55;44;49.776;N;12;32;5.2728;E;55.74716;12.534798;0;0;0;0;55.628791;12.0516207;Sjaelland;16/05/2018;150;Gentofte;Gentofte_Soe_Soe_i_Gentofte
DL2018011;55;44;49.29;N;12;32;7.2492;E;55.747025;12.535347;522;0;0;0;55.628791;12.0516207;Sjaelland;16/05/2018;560;Gentofte;Gentofte_Soe_Soe_i_Gentofte
DL2018012;55;44;49.29;N;12;32;7.2492;E;55.747025;12.535347;0;0;0;0;55.628791;12.0516207;Sjaelland;16/05/2018;560;Gentofte;Gentofte_Soe_Soe_i_Gentofte
DL2018013;55;37;43.6476;N;12;3;5.83452;E;55.628791;12.0516207;458;200;0;0;55.628791;12.0516207;Sjaelland;16/05/2018;50;Roskilde;Hyrdehoej_skovsoe
DL2018014;55;37;43.6476;N;12;3;5.83452;E;55.628791;12.0516207;0;0;0;0;55.628791;12.0516207;Sjaelland;16/05/2018;50;Roskilde;Hyrdehoej_skovsoe
DL2018015;55;36;53.8704;N;12;3;26.1954;E;55.614964;12.0572765;0;0;0;0;55.628791;12.0516207;Sjaelland;16/05/2018;500;Roskilde;Himmelsoeen_Soe_i_Roskilde
DL2018016;55;36;54.96852776;N;12;3;25.80393112;E;55.61526904;12.05716776;0;0;0;0;55.628791;12.0516207;Sjaelland;16/05/2018;500;Roskilde;Himmelsoeen_Soe_i_Roskilde
DL2018017;55;30;9.0144;N;9;42;2.1204;E;55.502504;9.700589;0;0;0;0;55.25778245;10.05453676;Fyn;15/05/2018;200;Middelfart;Soe_ved_Hindsgavl
DL2018018;55;30;9.0144;N;9;42;2.1204;E;55.502504;9.700589;0;0;0;0;55.25778245;10.05453676;Fyn;15/05/2018;200;Middelfart;Soe_ved_Hindsgavl
DL2018019;56;38;9.20004;N;9;48;59.79996;E;56.6358889;9.8166111;0;0;0;0;57.597536;9.9772;N_Jylland;22/05/2018;150;Hobro;Gammel_teglgrav_v_Mariager
DL2018020;56;38;9.20004;N;9;48;59.79996;E;56.6358889;9.8166111;0;0;0;0;57.597536;9.9772;N_Jylland;22/05/2018;200;Hobro;Gammel_teglgrav_v_Mariager
DL2018021;55;34;43.87692;N;10;9;56.25396;E;55.5788547;10.1656261;0;0;0;0;55.25778245;10.05453676;Fyn;18/05/2018;200;Bogense;Engsoe_ved_Gyldensten_Strand_Nordfyn
DL2018022;55;34;43.87692;N;10;9;56.25396;E;55.5788547;10.1656261;0;0;0;0;55.25778245;10.05453676;Fyn;18/05/2018;250;Bogense;Engsoe_ved_Gyldensten_Strand_Nordfyn
DL2018023;57;8;15.774;N;9;51;10.3896;E;57.137715;9.852886;105;0;0;0;57.597536;9.9772;N_Jylland;17/05/2018;185;Aalborg;Soe_naer_Vadum
DL2018024;57;8;15.774;N;9;51;10.3896;E;57.137715;9.852886;0;0;0;0;57.597536;9.9772;N_Jylland;17/05/2018;60;Aalborg;Soe_naer_Vadum
DL2018025;56;10;9.12;N;10;8;32.64;E;56.1692;10.1424;69;0;0;0;56.0233946;9.946757;Oe_Jylland;18/05/2018;120;Aarhus;Hasle_Bakker_soe_1
DL2018026;56;10;9.12;N;10;8;32.64;E;56.1692;10.1424;0;0;0;0;56.0233946;9.946757;Oe_Jylland;18/05/2018;120;Aarhus;Hasle_Bakker_soe_1
DL2018027;55;45;29.3004;N;8;53;9.1536;E;55.758139;8.885876;794;0;0;0;55.758139;8.885876;Midt_Jylland;19/05/2018;100;Billund;Engsoeen_Soe_i_Grindsted
DL2018028;55;45;30.2544;N;8;52;45.2064;E;55.758404;8.879224;4;0;0;0;55.758139;8.885876;Midt_Jylland;19/05/2018;100;Billund;Engsoeen_Soe_i_Grindsted
DL2018029;55;45;39.384;N;8;52;52.158;E;55.76094;8.881155;35;0;0;0;55.758139;8.885876;Midt_Jylland;19/05/2018;100;Billund;Engsoeen_Soe_i_Grindsted
DL2018030;55;45;37.6884;N;8;53;10.8528;E;55.760469;8.886348;616;0;0;0;55.758139;8.885876;Midt_Jylland;19/05/2018;100;Billund;Engsoeen_Soe_i_Grindsted
DL2018031;54;46;28.5276;N;11;52;44.2488;E;54.774591;11.878958;179;0;0;0;54.774563;11.876954;Moen_Loll_Falst;17/05/2018;40;NykoebingF;Nykoebing_Katedralskoles_soe
DL2018032;54;46;28.5276;N;11;52;37.0488;E;54.774591;11.876958;161;0;0;0;54.774563;11.876954;Moen_Loll_Falst;17/05/2018;50;NykoebingF;Nykoebing_Katedralskoles_soe
DL2018033;55;44;17.1204;N;12;22;51.7332;E;55.738089;12.381037;214;0;0;0;55.628791;12.0516207;Sjaelland;23/05/2018;400;Ballerup;Borupgaard_soe
DL2018034;55;44;17.1204;N;12;22;51.7332;E;55.738089;12.381037;0;0;0;0;55.628791;12.0516207;Sjaelland;23/05/2018;400;Ballerup;Borupgaard_soe
DL2018035;55;59;39.228;N;12;31;22.4184;E;55.99423;12.522894;890;0;0;0;55.628791;12.0516207;Sjaelland;18/05/2018;143;Espergaerde;Rolighedsmosen_Espergaerde
DL2018036;55;44;19.7376;N;12;34;27.8652;E;55.738816;12.574407;640;0;0;0;55.628791;12.0516207;Sjaelland;16/05/2018;400;Hellerup;oeregaardsparken
DL2018037;55;44;19.7376;N;12;34;27.8652;E;55.738816;12.574407;0;0;0;0;55.628791;12.0516207;Sjaelland;16/05/2018;400;Hellerup;oeregaardsparken
DL2018038;55;30;1.6668;N;9;42;27.9324;E;55.500463;9.707759;0;0;0;0;55.25778245;10.05453676;Fyn;23/05/2018;100;Middelfart;Soe_v_Oddenvejen_i_oeksenrade_skov
DL2018039;55;30;1.6668;N;9;42;27.9324;E;55.500463;9.707759;914;0;0;0;55.25778245;10.05453676;Fyn;23/05/2018;400;Middelfart;Soe_v_Oddenvejen_i_oeksenrade_skov
DL2018040;55;59;59.568;N;12;31;54.8256;E;55.99988;12.531896;0;0;0;0;55.628791;12.0516207;Sjaelland;18/05/2018;130;Espergaerde;EG-Soeen
DL2018041;55;59;59.568;N;12;31;54.8256;E;55.99988;12.531896;0;0;0;0;55.628791;12.0516207;Sjaelland;18/05/2018;160;Espergaerde;EG-soeen
DL2018042;55;55;25.2552;N;12;18;49.1076;E;55.923682;12.313641;0;0;0;0;55.628791;12.0516207;Sjaelland;22/05/2018;175;Hilleroed;Teglgaardssoeen_Hilleroed
DL2018043;55;55;25.2552;N;12;18;49.1076;E;55.923682;12.313641;0;0;0;0;55.628791;12.0516207;Sjaelland;22/05/2018;175;Hilleroed;Teglgaardssoeen_Hilleroed
DL2018044;55;59;31.434;N;11;58;8.1192;E;55.992065;11.968922;798;0;0;0;55.628791;12.0516207;Sjaelland;24/05/2018;500;Hundested;Elmegaarden_Melby
DL2018045;55;59;31.434;N;11;58;8.1192;E;55.992065;11.968922;181;0;0;0;55.628791;12.0516207;Sjaelland;24/05/2018;500;Hundested;Elmegaarden_Melby
DL2018046;55;39;2.52;N;12;35;6;E;55.6507;12.585;8.18;200;0;0;55.628791;12.0516207;Sjaelland;23/05/2018;115;Koebenhavn;Groenjordssoeen
DL2018047;55;39;2.52;N;12;35;6;E;55.6507;12.585;0;0;0;0;55.628791;12.0516207;Sjaelland;23/05/2018;110;Koebenhavn;Groenjordssoeen
DL2018048;55;44;24;N;12;22;48;E;55.74;12.38;4.34;200;0;0;55.628791;12.0516207;Sjaelland;25/05/2018;450;Ballerup;Borupgaards_soe
DL2018049;55;44;24;N;12;22;48;E;55.74;12.38;0;0;0;0;55.628791;12.0516207;Sjaelland;25/05/2018;450;Ballerup;Borupgaards_soe
DL2018050;55;57;38.16;N;12;1;43.32;E;55.9606;12.0287;852;0;0;0;55.628791;12.0516207;Sjaelland;25/05/2018;250;Frederiksvaerk;Snogesoeen_i_Frederiksvaerk
DL2018051;55;57;38.16;N;12;1;43.32;E;55.9606;12.0287;181;0;0;0;55.628791;12.0516207;Sjaelland;25/05/2018;250;Frederiksvaerk;Snogesoeen_i_Frederiksvaerk
DL2018052;55;44;52.1484;N;12;32;6.5148;E;55.747819;12.535143;134;0;0;0;55.628791;12.0516207;Sjaelland;24/05/2018;500;Gentofte;Gentofte_soe
DL2018053;55;44;52.1484;N;12;32;6.5148;E;55.747819;12.535143;0;0;0;0;55.628791;12.0516207;Sjaelland;24/05/2018;500;Gentofte;Gentofte_soe
DL2018054;55;44;52.1484;N;12;32;6.5148;E;55.747819;12.535143;0;0;0;0;55.628791;12.0516207;Sjaelland;24/05/2018;500;Gentofte;Gentofte_Soe
DL2018055;55;44;52.1484;N;12;32;6.5148;E;55.747819;12.535143;0;0;0;0;55.628791;12.0516207;Sjaelland;24/05/2018;500;Gentofte;Gentofte_Soe
DL2018056;55;58;3;N;11;52;17.8968;E;55.9675;11.871638;0;0;0;0;55.628791;12.0516207;Sjaelland;25/05/2018;200;Hundested;Hundested
DL2018057;55;58;3;N;11;52;17.8968;E;55.9675;11.871638;0;0;0;0;55.628791;12.0516207;Sjaelland;25/05/2018;100;Hundested;Hundested
DL2018058;55;54;17.9892;N;8;32;10.6692;E;55.904997;8.536297;286;0;0;0;55.904997;8.536297;V_Jylland;29/05/2018;34;Hvidesande;Spejdersoeen_Tarm
DL2018059;55;54;17.9892;N;8;32;10.6692;E;55.904997;8.536297;0;0;0;0;55.904997;8.536297;V_Jylland;29/05/2018;57;Hvidesande;Spejdersoeen_Tarm
DL2018060;55;47;11.058;N;12;26;41.9352;E;55.786405;12.444982;4;0;0;0;55.628791;12.0516207;Sjaelland;26/05/2018;500;Lyngby;Furesoeen_Virum
DL2018061;55;47;11.058;N;12;26;41.9352;E;55.786405;12.444982;0;0;0;0;55.628791;12.0516207;Sjaelland;26/05/2018;500;Lyngby;Furesoeen_Virum
DL2018062;56;1;24.22056;N;9;56;48.3252;E;56.0233946;9.946757;0;0;0;0;56.0233946;9.946757;Oe_Jylland;28/05/2018;500;Aarhus;Skanderborg_Soe
DL2018063;56;1;24.22056;N;9;56;48.3252;E;56.0233946;9.946757;0;0;0;0;56.0233946;9.946757;Oe_Jylland;28/05/2018;500;Aarhus;Skanderborg_soe
DL2018064;55;28;51.9456;N;12;9;54.324;E;55.481096;12.16509;0;0;0;0;55.628791;12.0516207;Sjaelland;22/05/2018;200;Koege;Soeen_v_Bellingestien
DL2018065;55;28;51.9456;N;12;9;54.324;E;55.481096;12.16509;0;0;0;0;55.628791;12.0516207;Sjaelland;22/05/2018;150;Koege;Soeen_v_Bellingestien
DL2018066;57;0;44.28;N;9;54;51.48;E;57.0123;9.9143;0;0;0;0;57.597536;9.9772;N_Jylland;28/05/2018;250;Aalborg;Store_Fuglesoe_oesteraadal
DL2018067;55;53;49.2828;N;12;28;35.7348;E;55.897023;12.476593;0;0;0;0;55.628791;12.0516207;Sjaelland;28/05/2018;400;Helsingoer;Lille_soe_v_Bakkehusene
DL2018068;55;53;49.2828;N;12;28;35.7348;E;55.897023;12.476593;0;0;0;0;55.628791;12.0516207;Sjaelland;28/05/2018;400;Helsingoer;Lille_soe_v_Bakkehusene
DL2018069;55;45;31.3812;N;8;53;24.4644;E;55.758717;8.890129;0;0;0;0;55.758139;8.885876;Midt_Jylland;22/05/2018;220;Billund;Engsoeen_Grindsted
DL2018070;55;45;31.3812;N;8;53;24.4644;E;55.758717;8.890129;0;0;0;0;55.758139;8.885876;Midt_Jylland;22/05/2018;220;Billund;Engsoeen_Grindsted
DL2018071;56;17;28.8564;N;10;28;23.8728;E;56.291349;10.473298;0;0;0;0;55.628791;12.0516207;Sjaelland;28/05/2018;500;Helsingoer;Soe_i_udkant_af_Hestehave_skov
DL2018072;56;17;28.8564;N;10;28;23.8728;E;56.291349;10.473298;0;0;0;0;55.628791;12.0516207;Sjaelland;28/05/2018;250;Helsingoer;Soe_i_udkant_af_Hestehave_skov
DL2018073;55;12;39.2652;N;11;46;10.8804;E;55.210907;11.769689;0;0;0;0;55.628791;12.0516207;Sjaelland;28/05/2018;50;Naestved;Vandhul_vTennisbaner
DL2018074;55;12;39.2652;N;11;46;10.8804;E;55.210907;11.769689;0;0;0;0;55.628791;12.0516207;Sjaelland;28/05/2018;50;Naestved;Vandhul_v_Tennisbaner
DL2018075;55;12;39.2652;N;11;46;10.8804;E;55.210907;11.769689;0;0;0;0;55.628791;12.0516207;Sjaelland;28/05/2018;50;Naestved;Vandhul_vTennisbaner
DL2018076;56;23;47.2452;N;10;53;28.266;E;56.396457;10.891185;0;0;0;0;56.0233946;9.946757;Oe_Jylland;28/05/2018;80;Djursland;Skovsoeen
DL2018077;56;23;47.2452;N;10;53;28.266;E;56.396457;10.891185;0;0;0;0;56.0233946;9.946757;Oe_Jylland;28/05/2018;70;Djursland;Skovsoeen
DL2018078;55;59;55.89321371;N;12;33;53.45638505;E;55.99885923;12.564849;0;0;0;0;55.628791;12.0516207;Sjaelland;30/05/2018;350;Helsingoer;Salamanderdammen_Egebaekvang_skov
DL2018079;55;59;55.89321371;N;12;33;53.45638505;E;55.99885923;12.564849;0;0;0;0;55.628791;12.0516207;Sjaelland;30/05/2018;350;Helsingoer;Salamanderdammen_Egebaekvang_skov
DL2018080;56;8;60;N;8;58;12;E;56.15;8.97;109;0;0;0;55.758139;8.885876;Midt_Jylland;30/05/2018;150;Herning;Lillelund_engsoe
DL2018081;56;8;60;N;8;58;12;E;56.15;8.97;0;0;0;0;55.758139;8.885876;Midt_Jylland;30/05/2018;150;Herning;Lillelund_engsoe
DL2018082;55;44;12.2208;N;12;22;58.8828;E;55.736728;12.383023;29;0;0;0;55.628791;12.0516207;Sjaelland;31/05/2018;400;Ballerup;Gymnasiesoeen
DL2018083;55;44;12.2208;N;12;22;58.8828;E;55.736728;12.383023;0;0;0;0;55.628791;12.0516207;Sjaelland;31/05/2018;400;Ballerup;Gymnasiesoeen
DL2018084;55;44;17.1024;N;12;22;51.8232;E;55.738084;12.381062;426;0;0;0;55.628791;12.0516207;Sjaelland;31/05/2018;350;Ballerup;Soe_ved_Ring_4
DL2018085;55;44;17.1024;N;12;22;51.8232;E;55.738084;12.381062;0;0;0;0;55.628791;12.0516207;Sjaelland;31/05/2018;350;Ballerup;Soe_ved_Ring_4
DL2018086;0;0;0;N;0;0;0;E;0;0;0;0;0;0;55.628791;12.0516207;Sjaelland;25/05/2018;390;Soeen_bag_Folkeparken;Soeen_bag_Folkeparken
DL2018087;0;0;0;N;0;0;0;E;0;0;0;0;0;0;55.628791;12.0516207;Sjaelland;25/05/2018;390;Soeen_bag_Folkeparken;Soeen_bag_Folkeparken
DL2018088;55;43;2.6184;N;12;30;23.1948;E;55.717394;12.506443;44;0;0;0;55.628791;12.0516207;Sjaelland;03/06/2018;550;Koebenhavn;Utterslev_mose
DL2018089;55;43;2.6184;N;12;30;23.1948;E;55.717394;12.506443;0;0;0;0;55.628791;12.0516207;Sjaelland;03/06/2018;550;Koebenhavn;Utterslev_mose
DL2018090;55;44;17.0016;N;12;22;52.8492;E;55.738056;12.381347;0;0;0;0;55.628791;12.0516207;Sjaelland;29/05/2018;200;Ballerup;Soe_v_Registerstien
DL2018091;55;44;17.0016;N;12;22;52.8492;E;55.738056;12.381347;0;0;0;0;55.628791;12.0516207;Sjaelland;29/05/2018;550;Ballerup;Soe_v_Registerstien
DL2018092;55;1;51.1644;N;8;50;0.6036;E;55.030879;8.833501;0;0;0;0;55.904997;8.536297;V_Jylland;08/06/2018;250;Vadehavet;Soelsted_mose
DL2018093;55;1;51.1644;N;8;50;0.6036;E;55.030879;8.833501;0;0;0;0;55.904997;8.536297;V_Jylland;08/06/2018;250;Vadehavet;Soelsted_mose
DL2018094;55;31;44.7204;N;8;46;46.6248;E;55.529089;8.779618;0;0;0;0;55.904997;8.536297;V_Jylland;07/06/2018;300;Esbjerg;Marksoe_v_Noerre_Vejdrup
DL2018095;55;31;44.7204;N;8;46;46.6248;E;55.529089;8.779618;0;0;0;0;55.904997;8.536297;V_Jylland;07/06/2018;300;Esbjerg;Marksoe_v_Noerre_Vejdrup
DL2018096;55;48;55.9692;N;12;24;16.8912;E;55.815547;12.404692;0;0;0;0;55.628791;12.0516207;Sjaelland;08/06/2018;250;Lyngby;Stavnsholt_gadekaer
DL2018097;55;48;55.9692;N;12;24;16.8912;E;55.815547;12.404692;0;0;0;0;55.628791;12.0516207;Sjaelland;08/06/2018;300;Lyngby;Stavnsholt_gadekaer
DL2018098;55;49;31.944;N;12;21;14.5404;E;55.82554;12.354039;0;0;0;0;55.628791;12.0516207;Sjaelland;08/06/2018;100;Lyngby;Rema-soe
DL2018099;55;49;31.944;N;12;21;14.5404;E;55.82554;12.354039;0;0;0;0;55.628791;12.0516207;Sjaelland;08/06/2018;100;Lyngby;Rema-soe
DL2018100;54;55;32.9304;N;10;15;27.9036;E;54.925814;10.257751;0;0;0;0;55.25778245;10.05453676;Fyn;09/06/2018;40;Aeroe_S_for_Fyn;10
DL2018101;54;55;32.9304;N;10;15;27.9036;E;54.925814;10.257751;0;0;0;0;55.25778245;10.05453676;Fyn;09/06/2018;45;Aeroe_S_for_Fyn;10
DL2018102;54;55;21.36;N;10;16;5.16;E;54.9226;10.2681;0;0;0;0;55.25778245;10.05453676;Fyn;09/06/2018;90;Aeroe_S_for_Fyn;Vitsoe
DL2018103;54;55;21.36;N;10;16;5.16;E;54.9226;10.2681;0;0;0;0;55.25778245;10.05453676;Fyn;09/06/2018;67;Aeroe_S_for_Fyn;Vitsoe
DL2018104;54;55;1.3476;N;10;16;23.9376;E;54.917041;10.273316;0;0;0;0;55.25778245;10.05453676;Fyn;09/06/2018;45;Aeroe_S_for_Fyn;5
DL2018105;54;55;1.3476;N;10;16;23.9376;E;54.917041;10.273316;0;0;0;0;55.25778245;10.05453676;Fyn;09/06/2018;45;Aeroe_S_for_Fyn;5
DL2018106;54;55;26.04;N;10;15;56.88;E;54.9239;10.2658;0;0;0;0;55.25778245;10.05453676;Fyn;09/06/2018;135;Aeroe_S_for_Fyn;16
DL2018107;54;55;26.04;N;10;15;56.88;E;54.9239;10.2658;0;0;0;0;55.25778245;10.05453676;Fyn;09/06/2018;135;Aeroe_S_for_Fyn;16
DL2018108;0;0;0;N;0;0;0;E;0;0;0;0;0;0;55.628791;12.0516207;Sjaelland;23/05/2018;300;Frederikssund;Sillebro_aadalen_Frederikssund
DL2018109;0;0;0;N;0;0;0;E;0;0;0;0;0;0;55.628791;12.0516207;Sjaelland;23/05/2018;300;Frederikssund;Sillebro_aadalen_Frederikssund
DL2018110;55;42;36.936;N;9;30;25.524;E;55.71026;9.50709;0;0;0;0;56.0233946;9.946757;Oe_Jylland;07/06/2018;170;Vejle;Dam_vVester_Engvej_Vejle
DL2018111;55;42;36.936;N;9;30;25.524;E;55.71026;9.50709;0;0;0;0;56.0233946;9.946757;Oe_Jylland;07/06/2018;170;Vejle;Dam_vVester_Engvej_Vejle
DL2018112;55;56;54.9456;N;12;16;48.2592;E;55.948596;12.280072;0;0;0;0;55.628791;12.0516207;Sjaelland;15/06/2018;170;Hilleroed;Selskov_Hilleroed
DL2018113;55;56;54.9456;N;12;16;48.2592;E;55.948596;12.280072;0;0;0;0;55.628791;12.0516207;Sjaelland;15/06/2018;170;Hilleroed;Selskov_Hilleroed
DL2018114;55;42;36.1944;N;9;30;26.568;E;55.710054;9.50738;0;0;0;0;56.0233946;9.946757;Oe_Jylland;01/06/2018;150;Vejle;Dam_ved_Vester_Engvej
DL2018115;55;42;36.1944;N;9;30;26.568;E;55.710054;9.50738;0;0;0;0;56.0233946;9.946757;Oe_Jylland;01/06/2018;150;Vejle;Dam_ved_Vester_Engvej
DL2018116;55;26;0.492;N;10;0;57.3804;E;55.43347;10.015939;0;0;0;0;55.25778245;10.05453676;Fyn;27/06/2018;150;Middelfart;Ejby_Fyn
DL2018117;55;26;0.492;N;10;0;57.3804;E;55.43347;10.015939;0;0;0;0;55.25778245;10.05453676;Fyn;27/06/2018;150;Middelfart;Ejby_Fyn
DL2018118;55;0;35.604;N;11;57;58.788;E;55.00989;11.96633;0;0;0;0;55.628791;12.0516207;Sjaelland;25/06/2018;250;Vordingborg;Vordingborg
DL2018119;55;0;35.604;N;11;57;58.788;E;55.00989;11.96633;0;0;0;0;55.628791;12.0516207;Sjaelland;25/06/2018;250;Vordingborg;Vordingborg
DL2018120;55;24;23.57856;N;11;40;24.34656;E;55.4065496;11.6734296;0;0;0;0;55.628791;12.0516207;Sjaelland;26/06/2018;50;Ringsted;Alsted
DL2018121;55;24;23.57856;N;11;40;24.34656;E;55.4065496;11.6734296;0;0;0;0;55.628791;12.0516207;Sjaelland;26/06/2018;50;Ringsted;Alsted
DL2018122;55;33;15.00732;N;11;32;18.13092;E;55.5541687;11.5383697;0;0;0;0;55.628791;12.0516207;Sjaelland;26/06/2018;250;NV_Sjaelland;Quellinghoej_4245_Stenlille
DL2018123;55;33;15.00732;N;11;32;18.13092;E;55.5541687;11.5383697;0;0;0;0;55.628791;12.0516207;Sjaelland;26/06/2018;250;NV_Sjaelland;Quellinghoej_4245_Stenlille
DL2018124;55;4;7.9536;N;10;38;52.1376;E;55.068876;10.647816;0;0;0;0;55.25778245;10.05453676;Fyn;27/06/2018;200;Svendborg;Svendborg
DL2018125;55;4;7.9536;N;10;38;52.1376;E;55.068876;10.647816;0;0;0;0;55.25778245;10.05453676;Fyn;27/06/2018;200;Svendborg;Svendborg
DL2018126;55;15;28.01681165;N;10;3;16.33233547;E;55.25778245;10.05453676;0;0;0;0;55.25778245;10.05453676;Fyn;27/06/2018;150;Assens;Glamsbjerg
DL2018127;55;16;12.72;N;10;7;5.646;E;55.2702;10.118235;0;0;0;0;55.25778245;10.05453676;Fyn;27/06/2018;150;Assens;Glamsbjerg
DL2018128;55;22;49.40904;N;11;34;5.16576;E;55.3803914;11.5681016;0;0;0;0;55.628791;12.0516207;Sjaelland;26/06/2018;30;Slagelse;Suserup_Overdrev
DL2018129;55;22;49.40904;N;11;34;5.16576;E;55.3803914;11.5681016;0;0;0;0;55.628791;12.0516207;Sjaelland;26/06/2018;30;Slagelse;Suserup_Overdrev
DL2018130;55;39;2.52;N;12;35;6;E;55.6507;12.585;0;0;0;0;55.628791;12.0516207;Sjaelland;28/05/2018;115;Koebenhavn;Groenjordssoeen
DL2018131;55;39;2.52;N;12;35;6;E;55.6507;12.585;0;0;0;0;55.628791;12.0516207;Sjaelland;28/05/2018;230;Koebenhavn;Groenjordssoeen
DL2018132;55;40;37.272;N;12;28;34.0788;E;55.67702;12.476133;0;0;0;0;55.628791;12.0516207;Sjaelland;07/06/2018;1350;Koebenhavn;Damhussoeen
DL2018133;55;40;37.272;N;12;28;34.0788;E;55.67702;12.476133;0;0;0;0;55.628791;12.0516207;Sjaelland;07/06/2018;2300;Koebenhavn;Damhussoeen
DL2018134;55;58;43.446;N;12;1;47.9568;E;55.978735;12.029988;0;0;0;0;55.628791;12.0516207;Sjaelland;28/06/2018;300;Hilleroed;Lille_Tranemose
DL2018135;0;0;0;N;0;0;0;E;0;0;0;0;0;0;55.628791;12.0516207;Sjaelland;10/07/2018;180;Birkeroed;Birkeroed_soe
DL2018136;0;0;0;N;0;0;0;E;0;0;0;0;0;0;55.628791;12.0516207;Sjaelland;01/01/1970;0;Hilleroed;Teglgaardssoeen
DL2018137;0;0;0;N;0;0;0;E;0;0;0;0;0;0;55.628791;12.0516207;Sjaelland;01/01/1970;0;Hilleroed;Teglgaardssoeen
DL2018174;0;0;0;N;0;0;0;E;0;0;0;0;0;0;57.597536;9.9772;N_Jylland;19/09/2018;500;Hirtshals;Soe_vTornby_Raevskaer_strand
DL2018175;0;0;0;N;0;0;0;E;0;0;0;0;0;0;57.597536;9.9772;N_Jylland;19/09/2018;500;Hirtshals;Soe_vTornby_Raevskaer_strand